positive,Stocks rally after strong earnings reports
positive,Tech shares climb as demand rebounds
positive,Company profits exceed analyst expectations
positive,Central bank signals continued economic growth
positive,Markets advance amid investor optimism
positive,Apple stock rises on strong iPhone sales
positive,Google beats revenue forecasts
positive,Oil prices rebound on supply cuts
positive,European markets gain as inflation eases
positive,Consumer confidence reaches highest level in years
positive,Stock indexes close higher for fifth straight day
positive,Manufacturing sector shows signs of recovery
positive,Corporate buybacks support market sentiment
positive,Energy sector leads market gains
positive,Investors cheer easing geopolitical tensions
positive,Financial stocks surge as yields stabilize
positive,US job growth remains strong
positive,Tech sector drives market to record highs
positive,Amazon reports record profits
positive,Strong GDP data boosts investor sentiment

negative,Market drops amid inflation fears
negative,Oil prices fall due to supply concerns
negative,Inflation pressures drive consumer spending lower
negative,Manufacturing index shows unexpected decline
negative,Stock markets tumble after weak job report
negative,Investors worry over rising interest rates
negative,Company misses earnings expectations
negative,Recession fears drag down global stocks
negative,Oil prices sink amid demand worries
negative,Corporate layoffs spark investor concerns
negative,Tech sector slides after disappointing guidance
negative,Bond yields surge spooking equity markets
negative,Central bank warns of economic slowdown
negative,Weak retail sales data pressures markets
negative,Energy prices collapse amid oversupply
negative,Unemployment numbers disappoint analysts
negative,Geopolitical tensions weigh on sentiment
negative,Markets retreat after hawkish Fed comments
negative,Investors sell off risky assets
negative,Stocks fall as inflation concerns mount

neutral,Investors wait for Federal Reserve policy meeting
neutral,European markets trade mixed ahead of U.S. data
neutral,Wall Street opens flat ahead of key earnings
neutral,Markets pause following strong week of gains
neutral,Trading volumes light ahead of holiday weekend
neutral,Investors eye upcoming inflation data
neutral,Analysts expect steady interest rates
neutral,Stock futures little changed before jobs report
neutral,Markets await central bank decision
neutral,Global indices mixed as investors assess outlook
neutral,Markets stabilize after early volatility
neutral,Traders look ahead to quarterly earnings season
neutral,Analysts see limited movement before Fed update
neutral,Markets show little change amid balanced sentiment
neutral,Investors take cautious stance ahead of report
neutral,Wall Street ends session mixed
neutral,Market sentiment remains steady
neutral,Traders await direction from bond yields
neutral,Financial sector remains unchanged
neutral,Investors monitor economic data for direction
