headline,timestamp,source
News,2025-10-26 23:01:14,Yahoo Finance
Life,2025-10-26 23:01:14,Yahoo Finance
Entertainment,2025-10-26 23:01:14,Yahoo Finance
Finance,2025-10-26 23:01:14,Yahoo Finance
Sports,2025-10-26 23:01:14,Yahoo Finance
New on Yahoo,2025-10-26 23:01:14,Yahoo Finance
"Stock market today: Dow, S&P 500, Nasdaq fall as Netflix sinks, Tesla earnings loom",2025-10-26 23:01:14,Yahoo Finance
"Beyond Meat stock soars 1,300% as meme traders fuel GameStop-like rally",2025-10-26 23:01:14,Yahoo Finance
"US stocks and gold sink, while meme stocks swerve, as momentum reverses on Wall Street",2025-10-26 23:01:14,Yahoo Finance
Stock market today: Dow jumps 200 points to record high as Wall Street cheers start of earnings season,2025-10-26 23:01:14,Yahoo Finance
Oracle stock tumbles as investors weigh ambitious financial targets,2025-10-26 23:01:14,Yahoo Finance
"Oracle, Jefferies & Zions, Tesla: Trending Tickers",2025-10-26 23:01:14,Yahoo Finance
"Abbott narrows outlook, Australian stocks react to US-China trade",2025-10-26 23:01:14,Yahoo Finance
Trump's cooking oil embargo would be bullish for these 3 stocks,2025-10-26 23:01:14,Yahoo Finance
"Meta's $1.5B AI investment, NuScale Power pops on Army program",2025-10-26 23:01:14,Yahoo Finance
"Progressive stock sinks on Q3 miss, gold hits yet another record",2025-10-26 23:01:14,Yahoo Finance
"Regional bank stocks mixed on earnings, Apple to use M5 chip",2025-10-26 23:01:14,Yahoo Finance
"Nvidia, Nike, Logitech: Top Analyst Calls",2025-10-26 23:01:14,Yahoo Finance
US–China trade war: Why soy beans & cooking oil are key issues,2025-10-26 23:01:14,Yahoo Finance
"Bank of America, Morgan Stanley gain on Q3 results: What to know",2025-10-26 23:01:14,Yahoo Finance
"Stellantis to invest $13B into US, Apollo's bid for Papa John's",2025-10-26 23:01:14,Yahoo Finance
"ASML, Europe's largest company, beats Q3 earnings: What to know",2025-10-26 23:01:14,Yahoo Finance
"Gold, Morgan Stanley & Bank of America, ASML earnings: 3 Things",2025-10-26 23:01:14,Yahoo Finance
"Papa John's, ASML, LVMH, NVIDIA: Trending Stocks",2025-10-26 23:01:14,Yahoo Finance
"Gold keeps moving, China-US trade war and Fed latest",2025-10-26 23:01:14,Yahoo Finance
"Wall Street boom boosts profits at Bank of America, Morgan Stanley",2025-10-26 23:01:14,Yahoo Finance
"AMD & Oracle deal, Nova Minerals jumps, new Jeep Grand Wagoneer",2025-10-26 23:01:14,Yahoo Finance
"IMF chief economist discusses tariffs, 'dim' 2026 growth outlook",2025-10-26 23:01:14,Yahoo Finance
Nova Minerals stock soars after announcing White House interest in Alaska mining project,2025-10-26 23:01:14,Yahoo Finance
Big Banks kick off Q3 earnings cycle: Key takeaways,2025-10-26 23:01:14,Yahoo Finance
Trump's tariffs to dim global economy 'in the short and the long term': IMF,2025-10-26 23:01:14,Yahoo Finance
"Nvidia leads Mag 7 rebound, Amazon to hire 250k seasonal workers",2025-10-26 23:01:14,Yahoo Finance
"Estee Lauder, AMD, ASML: Top Analyst Calls",2025-10-26 23:01:14,Yahoo Finance
How earnings & trade talks will impact this market rebound,2025-10-26 23:01:14,Yahoo Finance
"Taylor Swift on Disney+, Beyond Meat nosedives on debt swap",2025-10-26 23:01:14,Yahoo Finance
Bitcoin recovers from Friday sell-off: What investors need to know,2025-10-26 23:01:14,Yahoo Finance
Big Bank earnings on deck: Key themes to watch,2025-10-26 23:01:14,Yahoo Finance
AI adoption is 'absolutely essential': KPMG US CEO on upskilling,2025-10-26 23:01:14,Yahoo Finance
Ferrari stock plunges on weak outlook: What to know,2025-10-26 23:01:14,Yahoo Finance
Expanding US manufacturing doesn't 'add up' with Trump's tariffs,2025-10-26 23:01:14,Yahoo Finance
"Delta flies high on strong Q4 outlook, lifting American & United",2025-10-26 23:01:14,Yahoo Finance
Wall Street's feverish rally takes a break as US stocks and gold pull back from their records,2025-10-26 23:01:14,Yahoo Finance
Fed minutes signal more rate cuts to come this year,2025-10-26 23:01:14,Yahoo Finance
"Goldman Sachs says there's no market bubble, & this analyst agrees",2025-10-26 23:01:14,Yahoo Finance
"Goldman Sachs strategist: No stock market bubble, yet",2025-10-26 23:01:14,Yahoo Finance
"EU proposes steel industry protections, rattling UK manufacturers",2025-10-26 23:01:14,Yahoo Finance
"US stocks snap a 7-day winning streak as gold’s price tops $4,000 per ounce",2025-10-26 23:01:14,Yahoo Finance
Earnings Preview: What to Expect From Omnicom's Report,2025-10-26 23:01:14,Yahoo Finance
What to Expect From Hilton's Next Quarterly Earnings Report,2025-10-26 23:01:14,Yahoo Finance
Wall St eyes Washington standoff with stocks near records,2025-10-26 23:01:14,Yahoo Finance
